{
  "meta": {
    "scope": "two-regime + unit-capacity + exact oracle (Phase-1 v2)",
    "metrics": {
      "prize": "CVaR(ONLINE*)−CVaR(FLOOR) 风险厌恶总价值",
      "regime_lift": "prize(δ)−prize(δ=1,同ρ) 隐 regime/非浓缩额外贡献(P1 净)"
    },
    "data_anchor_delta": 1.46,
    "real_util_band": [
      0.76,
      0.95
    ],
    "real_lanes": [
      [
        "ANC->SDF",
        0.94
      ],
      [
        "PVG->ANC",
        0.84
      ],
      [
        "ANC->ORD",
        0.76
      ],
      [
        "ICN->ANC",
        0.7
      ]
    ],
    "stress_note": "ρ>1 = offered 需求超容量 = stress/外推,真实利用率(≤~0.95)未直接观测到",
    "synthetic": "R 价值档形状 + regime jackpot-divergence 机制;ρ/δ/π 锚 T-100 货机+FRED",
    "rhos": [
      0.76,
      0.85,
      0.95,
      1.25,
      1.67
    ],
    "deltas": [
      1.0,
      1.46,
      2.0,
      3.0,
      5.0
    ]
  },
  "grid": [
    {
      "rho_target": 0.76,
      "rho_real": 0.7143,
      "delta": 1.0,
      "B": 7,
      "floor": 10.369613036000002,
      "online": 10.375781105000009,
      "info": 10.375781105000009,
      "v1": 10.369613036000002,
      "prize": 0.0061680690000063265,
      "prize_pct": 0.05944679188571144,
      "v1_gap": 0.0061680690000063265,
      "info_gap": 0.0,
      "online_fwd_gap": 3.552713678800501e-15,
      "eta": 16,
      "kappa": 0.0,
      "regime_lift": 0.0
    },
    {
      "rho_target": 0.76,
      "rho_real": 0.7143,
      "delta": 1.46,
      "B": 7,
      "floor": 9.799638805190849,
      "online": 9.806038441286688,
      "info": 9.806210834166912,
      "v1": 9.799638805190849,
      "prize": 0.006399636095839156,
      "prize_pct": 0.06526219669805247,
      "v1_gap": 0.006399636095839156,
      "info_gap": 0.0001723928802235264,
      "online_fwd_gap": 0.0,
      "eta": 16,
      "kappa": 0.0,
      "regime_lift": 0.00023156709583282975
    },
    {
      "rho_target": 0.76,
      "rho_real": 0.7143,
      "delta": 2.0,
      "B": 7,
      "floor": 8.762839714914058,
      "online": 8.775599302914056,
      "info": 8.775599302914056,
      "v1": 8.762839714914058,
      "prize": 0.01275958799999799,
      "prize_pct": 0.14539848003042932,
      "v1_gap": 0.01275958799999799,
      "info_gap": 0.0,
      "online_fwd_gap": -1.7763568394002505e-15,
      "eta": 14,
      "kappa": 0.0,
      "regime_lift": 0.0065915189999916635
    },
    {
      "rho_target": 0.76,
      "rho_real": 0.7143,
      "delta": 3.0,
      "B": 7,
      "floor": 6.998663160000002,
      "online": 6.999228864,
      "info": 6.999228864000003,
      "v1": 6.998663160000002,
      "prize": 0.0005657039999977798,
      "prize_pct": 0.008082376087277774,
      "v1_gap": 0.0005657039999977798,
      "info_gap": 2.6645352591003757e-15,
      "online_fwd_gap": -2.6645352591003757e-15,
      "eta": 12,
      "kappa": 0.0,
      "regime_lift": -0.005602365000008547
    },
    {
      "rho_target": 0.76,
      "rho_real": 0.7143,
      "delta": 5.0,
      "B": 7,
      "floor": 5.310167595855241,
      "online": 5.310167595855241,
      "info": 5.310167595855241,
      "v1": 5.310167595855241,
      "prize": 0.0,
      "prize_pct": 0.0,
      "v1_gap": 0.0,
      "info_gap": 0.0,
      "online_fwd_gap": 0.0,
      "eta": 8,
      "kappa": -0.5,
      "regime_lift": -0.0061680690000063265
    },
    {
      "rho_target": 0.85,
      "rho_real": 0.8333,
      "delta": 1.0,
      "B": 6,
      "floor": 10.274619962000006,
      "online": 10.297756235000008,
      "info": 10.297756235000008,
      "v1": 10.274619962000006,
      "prize": 0.023136273000002205,
      "prize_pct": 0.22467295274835358,
      "v1_gap": 0.023136273000002205,
      "info_gap": 0.0,
      "online_fwd_gap": 3.552713678800501e-15,
      "eta": 16,
      "kappa": 0.0,
      "regime_lift": 0.0
    },
    {
      "rho_target": 0.85,
      "rho_real": 0.8333,
      "delta": 1.46,
      "B": 6,
      "floor": 9.702100121376633,
      "online": 9.727584392905126,
      "info": 9.727926733977846,
      "v1": 9.702100121376633,
      "prize": 0.02548427152849264,
      "prize_pct": 0.2619794442192633,
      "v1_gap": 0.02548427152849264,
      "info_gap": 0.0003423410727201315,
      "online_fwd_gap": 0.0,
      "eta": 16,
      "kappa": 0.0,
      "regime_lift": 0.002347998528490436
    },
    {
      "rho_target": 0.85,
      "rho_real": 0.8333,
      "delta": 2.0,
      "B": 6,
      "floor": 8.662258371802945,
      "online": 8.703129799914056,
      "info": 8.706411744414057,
      "v1": 8.662258371802945,
      "prize": 0.04087142811111022,
      "prize_pct": 0.4696175864401543,
      "v1_gap": 0.04087142811111022,
      "info_gap": 0.003281944500001188,
      "online_fwd_gap": -1.7763568394002505e-15,
      "eta": 14,
      "kappa": 0.0,
      "regime_lift": 0.017735155111108014
    },
    {
      "rho_target": 0.85,
      "rho_real": 0.8333,
      "delta": 3.0,
      "B": 6,
      "floor": 6.920342883000002,
      "online": 6.999228864,
      "info": 6.999228864000003,
      "v1": 6.920342883000002,
      "prize": 0.07888598099999822,
      "prize_pct": 1.127066745963148,
      "v1_gap": 0.07888598099999822,
      "info_gap": 2.6645352591003757e-15,
      "online_fwd_gap": -2.6645352591003757e-15,
      "eta": 12,
      "kappa": 0.0,
      "regime_lift": 0.05574970799999601
    },
    {
      "rho_target": 0.85,
      "rho_real": 0.8333,
      "delta": 5.0,
      "B": 6,
      "floor": 5.307455515744129,
      "online": 5.310167595855241,
      "info": 5.310167595855241,
      "v1": 5.307455515744129,
      "prize": 0.002712080111111348,
      "prize_pct": 0.05107334301893249,
      "v1_gap": 0.002712080111111348,
      "info_gap": 0.0,
      "online_fwd_gap": 0.0,
      "eta": 8,
      "kappa": 0.0,
      "regime_lift": -0.020424192888890857
    },
    {
      "rho_target": 0.95,
      "rho_real": 1.0,
      "delta": 1.0,
      "B": 5,
      "floor": 9.856628138000007,
      "online": 10.058248388000008,
      "info": 10.058248388000008,
      "v1": 9.940564388000007,
      "prize": 0.20162025000000128,
      "prize_pct": 2.0045264565204444,
      "v1_gap": 0.11768400000000057,
      "info_gap": 0.0,
      "online_fwd_gap": 1.7763568394002505e-15,
      "eta": 16,
      "kappa": 0.25,
      "regime_lift": 0.0
    },
    {
      "rho_target": 0.95,
      "rho_real": 1.0,
      "delta": 1.46,
      "B": 5,
      "floor": 9.333650305199992,
      "online": 9.477241716100181,
      "info": 9.482844057186893,
      "v1": 9.378508935655274,
      "prize": 0.14359141090018923,
      "prize_pct": 1.5151181662513942,
      "v1_gap": 0.09873278044490696,
      "info_gap": 0.005602341086712315,
      "online_fwd_gap": 0.0,
      "eta": 16,
      "kappa": 0.25,
      "regime_lift": -0.058028839099812046
    },
    {
      "rho_target": 0.95,
      "rho_real": 1.0,
      "delta": 2.0,
      "B": 5,
      "floor": 8.3012143471061,
      "online": 8.451803479914055,
      "info": 8.457161820414058,
      "v1": 8.352033854776884,
      "prize": 0.15058913280795494,
      "prize_pct": 1.78173963895202,
      "v1_gap": 0.09976962513717069,
      "info_gap": 0.005358340500002612,
      "online_fwd_gap": 0.03551866499999612,
      "eta": 14,
      "kappa": 0.25,
      "regime_lift": -0.05103111719204634
    },
    {
      "rho_target": 0.95,
      "rho_real": 1.0,
      "delta": 3.0,
      "B": 5,
      "floor": 6.512775858000001,
      "online": 6.77392032,
      "info": 6.773920320000002,
      "v1": 6.617014947000004,
      "prize": 0.26114446199999897,
      "prize_pct": 3.8551451694666365,
      "v1_gap": 0.1569053729999963,
      "info_gap": 1.7763568394002505e-15,
      "online_fwd_gap": -1.7763568394002505e-15,
      "eta": 10,
      "kappa": 0.75,
      "regime_lift": 0.05952421199999769
    },
    {
      "rho_target": 0.95,
      "rho_real": 1.0,
      "delta": 5.0,
      "B": 5,
      "floor": 5.186990881447833,
      "online": 5.310167595855241,
      "info": 5.310167595855241,
      "v1": 5.260403141960864,
      "prize": 0.12317671440740785,