tier,rho,rho_real,prize_pct_anchor,prize_pct_strong,prize_pct_extreme,regime_lift_strong,B
Normal lane,0.95,1.0,1.5151181662513942,3.8551451694666365,2.3196389225747094,0.05952421199999769,5
Tight,1.25,1.25,8.332518915475317,14.414919373282906,20.88996448153188,0.06152282699999567,4
Crisis / stress,1.67,1.6667,16.618008583782203,26.719443825950794,43.096584834235934,-0.002029797000003608,3
